Region,avg_shipping_days
South,109.93584379358438
West,111.74056966897614
Central,118.33817829457364
East,114.21762078765732
