Category,total_sales,sales_rank
Technology,790500.2369999975,1
Furniture,634996.1494000008,2
Office Supplies,545567.4910000041,3
