Region,regional_sales
South,360100.19900000043
West,582624.840000002
Central,470552.02540000057
East,557786.813
