Segment,segment_sales
Consumer,932042.8178999957
Corporate,632421.2070000012
Home Office,406599.8525000002
