City,city_sales
New York City,228284.08400000012
Los Angeles,153721.99700000003
San Francisco,95858.29799999997
Seattle,81900.98999999996
Philadelphia,74560.37899999997
