Customer Name,total_spent
Unknown,735877.2255999995
Tamara Chand,36874.276000000005
Becky Martin,22865.68
Grant Thornton,18677.079999999994
Caroline Jumper,17978.987999999998
