Order Year,yearly_sales
2015.0,356418.8505000008
2016.0,368137.97960000014
2017.0,623185.1902000012
2018.0,623321.8571000005
